-- phpMyAdmin SQL Dump
-- version 5.1.0
-- https://www.phpmyadmin.net/
--
-- Host: 127.0.0.1
-- Generation Time: Jan 25, 2022 at 02:48 PM
-- Server version: 10.4.18-MariaDB
-- PHP Version: 7.3.27

SET SQL_MODE = "NO_AUTO_VALUE_ON_ZERO";
START TRANSACTION;
SET time_zone = "+00:00";


/*!40101 SET @OLD_CHARACTER_SET_CLIENT=@@CHARACTER_SET_CLIENT */;
/*!40101 SET @OLD_CHARACTER_SET_RESULTS=@@CHARACTER_SET_RESULTS */;
/*!40101 SET @OLD_COLLATION_CONNECTION=@@COLLATION_CONNECTION */;
/*!40101 SET NAMES utf8mb4 */;

--
-- Database: `mvp`
--

-- --------------------------------------------------------

--
-- Table structure for table `migrations`
--

CREATE TABLE `migrations` (
  `id` bigint(20) UNSIGNED NOT NULL,
  `version` varchar(255) NOT NULL,
  `class` varchar(255) NOT NULL,
  `group` varchar(255) NOT NULL,
  `namespace` varchar(255) NOT NULL,
  `time` int(11) NOT NULL,
  `batch` int(11) UNSIGNED NOT NULL
) ENGINE=InnoDB DEFAULT CHARSET=utf8;

--
-- Dumping data for table `migrations`
--

INSERT INTO `migrations` (`id`, `version`, `class`, `group`, `namespace`, `time`, `batch`) VALUES
(1, '2021-12-20-081039', 'App\\Database\\Migrations\\Categories', 'default', 'App', 1642051752, 1),
(2, '2021-12-21-073405', 'App\\Database\\Migrations\\TblAdmin', 'default', 'App', 1642051752, 1),
(3, '2021-12-22-101127', 'App\\Database\\Migrations\\Users', 'default', 'App', 1642051752, 1),
(4, '2021-12-22-102735', 'App\\Database\\Migrations\\Media', 'default', 'App', 1642051752, 1),
(5, '2021-12-28-063758', 'App\\Database\\Migrations\\DeletedTable', 'default', 'App', 1642051752, 1),
(6, '2021-12-28-121356', 'App\\Database\\Migrations\\AddFieldsToTblCategories', 'default', 'App', 1642051752, 1),
(7, '2022-01-05-122805', 'App\\Database\\Migrations\\CreateSettingsTable', 'default', 'App', 1642051752, 1),
(8, '2022-01-12-095813', 'App\\Database\\Migrations\\CreateCountriesTable', 'default', 'App', 1642051752, 1),
(9, '2022-01-12-104234', 'App\\Database\\Migrations\\ProductsTable', 'default', 'App', 1642051752, 1),
(11, '2022-01-13-072401', 'App\\Database\\Migrations\\AddFieldsToTblUsers', 'default', 'App', 1642058680, 2),
(12, '2022-01-13-095134', 'App\\Database\\Migrations\\CreateTblDocuments', 'default', 'App', 1642068677, 3),
(15, '2022-01-17-061817', 'App\\Database\\Migrations\\Createnewfieldcatgory', 'default', 'App', 1642400752, 5),
(16, '2022-01-17-073000', 'App\\Database\\Migrations\\Addfieldtouserstable', 'default', 'App', 1642404822, 6),
(17, '2022-01-17-144838', 'App\\Database\\Migrations\\MembershipTable', 'default', 'App', 1642431336, 7),
(24, '2022-01-12-122955', 'App\\Database\\Migrations\\StocksTable', 'default', 'App', 1642439519, 8),
(25, '2022-01-13-054429', 'App\\Database\\Migrations\\AddFieldsToTblStocks', 'default', 'App', 1642439519, 8),
(26, '2022-01-19-062225', 'App\\Database\\Migrations\\AddFieldsToProducts', 'default', 'App', 1642743543, 9),
(27, '2022-01-21-053355', 'App\\Database\\Migrations\\AddFieldsToTblProducts', 'default', 'App', 1642743543, 9),
(28, '2022-01-21-062959', 'App\\Database\\Migrations\\AddRetailValueFieldToTblProducts', 'default', 'App', 1642747303, 10),
(29, '2022-01-25-062322', 'App\\Database\\Migrations\\Addmemberamountfieldtostocktable', 'default', 'App', 1643094569, 11);

-- --------------------------------------------------------

--
-- Table structure for table `tbl_admin`
--

CREATE TABLE `tbl_admin` (
  `id` int(5) UNSIGNED NOT NULL,
  `name` varchar(100) NOT NULL,
  `email` varchar(100) NOT NULL,
  `password` varchar(100) DEFAULT NULL,
  `status` enum('1','0') NOT NULL DEFAULT '1',
  `updated_at` datetime DEFAULT NULL,
  `created_at` datetime DEFAULT current_timestamp(),
  `deleted_at` datetime DEFAULT NULL
) ENGINE=InnoDB DEFAULT CHARSET=utf8;

--
-- Dumping data for table `tbl_admin`
--

INSERT INTO `tbl_admin` (`id`, `name`, `email`, `password`, `status`, `updated_at`, `created_at`, `deleted_at`) VALUES
(1, 'Nexus Techies', 'provider.nexus@gmail.com', 'e10adc3949ba59abbe56e057f20f883e', '1', NULL, '2021-12-22 11:49:46', NULL);

-- --------------------------------------------------------

--
-- Table structure for table `tbl_categories`
--

CREATE TABLE `tbl_categories` (
  `id` int(5) UNSIGNED NOT NULL,
  `parent_id` int(11) DEFAULT 0,
  `title` varchar(100) NOT NULL,
  `description` text DEFAULT NULL,
  `status` enum('1','0') NOT NULL DEFAULT '1',
  `slug` varchar(255) NOT NULL,
  `media_id` int(11) NOT NULL,
  `created_at` datetime DEFAULT current_timestamp(),
  `updated_at` datetime DEFAULT NULL,
  `deleted_at` datetime DEFAULT NULL
) ENGINE=InnoDB DEFAULT CHARSET=utf8;

--
-- Dumping data for table `tbl_categories`
--

INSERT INTO `tbl_categories` (`id`, `parent_id`, `title`, `description`, `status`, `slug`, `media_id`, `created_at`, `updated_at`, `deleted_at`) VALUES
(1, 0, 'Bags', 'Celebrity is a condition of fame and broad public recognition of an individual or group as a result of the attention given to them by mass media.', '1', 'bags-1', 78, '2021-12-22 17:44:16', NULL, NULL),
(2, 0, 'Sneakers', 'An entrepreneur is an individual who creates a new business, bearing most of the risks and enjoying most of the rewards.', '1', 'sneakers-2', 0, '2021-12-22 17:44:47', NULL, NULL),
(3, 0, 'Boots/Pumps', '', '1', 'bootspumps-3', 0, '2022-01-04 07:34:57', NULL, NULL),
(4, 0, 'Small leather goods', '', '1', 'small-leather-goods-4', 0, '2022-01-06 07:31:31', NULL, NULL),
(5, 0, 'Accessories', '', '1', 'accessories-5', 0, '2022-01-06 07:38:50', NULL, NULL),
(6, 0, 'Jewellery', 'adsxca', '1', 'jewellery-6', 43, '2022-01-17 12:13:05', NULL, NULL),
(7, 0, 'Textiles', 'Qwaedx', '1', 'textiles-7', 45, '2022-01-17 12:13:57', NULL, NULL);

-- --------------------------------------------------------

--
-- Table structure for table `tbl_countries`
--

CREATE TABLE `tbl_countries` (
  `id` int(5) UNSIGNED NOT NULL,
  `name` varchar(191) NOT NULL,
  `sortname` varchar(191) NOT NULL,
  `phonecode` int(11) NOT NULL,
  `currency` varchar(191) NOT NULL,
  `currency_code` varchar(191) NOT NULL,
  `currency_symbol` varchar(191) NOT NULL,
  `banner_image` varchar(191) NOT NULL,
  `status` int(11) NOT NULL,
  `created_at` datetime DEFAULT current_timestamp(),
  `updated_at` datetime DEFAULT NULL
) ENGINE=InnoDB DEFAULT CHARSET=utf8;

--
-- Dumping data for table `tbl_countries`
--

INSERT INTO `tbl_countries` (`id`, `name`, `sortname`, `phonecode`, `currency`, `currency_code`, `currency_symbol`, `banner_image`, `status`, `created_at`, `updated_at`) VALUES
(1, 'Afghanistan', 'AF', 93, 'Afghanis', 'AFN', '؋', 'img_1585295446_fbaebdaadebebc.jpg', 0, '0000-00-00 00:00:00', '2021-01-18 20:19:50'),
(2, 'Albania', 'AL', 355, 'Leke', 'ALL', 'Lek', '', 1, '0000-00-00 00:00:00', '0000-00-00 00:00:00'),
(3, 'Algeria', 'DZ', 213, '', '', '', '', 1, '0000-00-00 00:00:00', '0000-00-00 00:00:00'),
(4, 'American Samoa', 'AS', 1684, '', '', '', '', 1, '0000-00-00 00:00:00', '0000-00-00 00:00:00'),
(5, 'Andorra', 'AD', 376, '', '', '', '', 1, '0000-00-00 00:00:00', '0000-00-00 00:00:00'),
(6, 'Angola', 'AO', 244, '', '', '', '', 1, '0000-00-00 00:00:00', '0000-00-00 00:00:00'),
(7, 'Anguilla', 'AI', 1264, '', '', '', '', 1, '0000-00-00 00:00:00', '0000-00-00 00:00:00'),
(8, 'Antarctica', 'AQ', 0, '', '', '', '', 1, '0000-00-00 00:00:00', '0000-00-00 00:00:00'),
(9, 'Antigua And Barbuda', 'AG', 1268, '', '', '', '', 1, '0000-00-00 00:00:00', '0000-00-00 00:00:00'),
(10, 'Argentina', 'AR', 54, 'Pesos', 'ARS', '$', '', 1, '0000-00-00 00:00:00', '0000-00-00 00:00:00'),
(11, 'Armenia', 'AM', 374, '', '', '', '', 1, '0000-00-00 00:00:00', '0000-00-00 00:00:00'),
(12, 'Aruba', 'AW', 297, 'Guilders', 'AWG', 'ƒ', '', 1, '0000-00-00 00:00:00', '0000-00-00 00:00:00'),
(13, 'Australia', 'AU', 61, 'Dollars', 'AUD', '$', '', 1, '0000-00-00 00:00:00', '0000-00-00 00:00:00'),
(14, 'Austria', 'AT', 43, '', '', '', '', 1, '0000-00-00 00:00:00', '0000-00-00 00:00:00'),
(15, 'Azerbaijan', 'AZ', 994, 'New Manats', 'AZN', 'ман', '', 1, '0000-00-00 00:00:00', '0000-00-00 00:00:00'),
(16, 'Bahamas The', 'BS', 1242, '', '', '', '', 1, '0000-00-00 00:00:00', '0000-00-00 00:00:00'),
(17, 'Bahrain', 'BH', 973, '', '', '', '', 1, '0000-00-00 00:00:00', '0000-00-00 00:00:00'),
(18, 'Bangladesh', 'BD', 880, '', '', '', '', 1, '0000-00-00 00:00:00', '0000-00-00 00:00:00'),
(19, 'Barbados', 'BB', 1246, 'Dollars', 'BBD', '$', '', 1, '0000-00-00 00:00:00', '0000-00-00 00:00:00'),
(20, 'Belarus', 'BY', 375, 'Rubles', 'BYR', 'p.', '', 1, '0000-00-00 00:00:00', '0000-00-00 00:00:00'),
(21, 'Belgium', 'BE', 32, 'Euro', 'EUR', '€', '', 1, '0000-00-00 00:00:00', '0000-00-00 00:00:00'),
(22, 'Belize', 'BZ', 501, '', '', '', '', 1, '0000-00-00 00:00:00', '0000-00-00 00:00:00'),
(23, 'Benin', 'BJ', 229, '', '', '', '', 1, '0000-00-00 00:00:00', '0000-00-00 00:00:00'),
(24, 'Bermuda', 'BM', 1441, 'Dollars', 'BMD', '$', '', 1, '0000-00-00 00:00:00', '0000-00-00 00:00:00'),
(25, 'Bhutan', 'BT', 975, '', '', '', '', 1, '0000-00-00 00:00:00', '0000-00-00 00:00:00'),
(26, 'Bolivia', 'BO', 591, 'Bolivianos', 'BOB', '$b', '', 1, '0000-00-00 00:00:00', '0000-00-00 00:00:00'),
(27, 'Bosnia and Herzegovina', 'BA', 387, 'Convertible Marka', 'BAM', 'KM', '', 1, '0000-00-00 00:00:00', '0000-00-00 00:00:00'),
(28, 'Botswana', 'BW', 267, 'Pula', 'BWP', 'P', '', 1, '0000-00-00 00:00:00', '0000-00-00 00:00:00'),
(29, 'Bouvet Island', 'BV', 0, '', '', '', '', 1, '0000-00-00 00:00:00', '0000-00-00 00:00:00'),
(30, 'Brazil', 'BR', 55, 'Reais', 'BRL', 'R$', '', 1, '0000-00-00 00:00:00', '0000-00-00 00:00:00'),
(31, 'British Indian Ocean Territory', 'IO', 246, '', '', '', '', 1, '0000-00-00 00:00:00', '0000-00-00 00:00:00'),
(32, 'Brunei', 'BN', 673, '', '', '', '', 1, '0000-00-00 00:00:00', '0000-00-00 00:00:00'),
(33, 'Bulgaria', 'BG', 359, 'Leva', 'BGN', 'лв', '', 1, '0000-00-00 00:00:00', '0000-00-00 00:00:00'),
(34, 'Burkina Faso', 'BF', 226, '', '', '', '', 1, '0000-00-00 00:00:00', '0000-00-00 00:00:00'),
(35, 'Burundi', 'BI', 257, '', '', '', '', 1, '0000-00-00 00:00:00', '0000-00-00 00:00:00'),
(36, 'Cambodia', 'KH', 855, 'Riels', 'KHR', '៛', '', 1, '0000-00-00 00:00:00', '0000-00-00 00:00:00'),
(37, 'Cameroon', 'CM', 237, '', '', '', '', 1, '0000-00-00 00:00:00', '0000-00-00 00:00:00'),
(38, 'Canada', 'CA', 1, 'Dollars', 'CAD', '$', '', 1, '0000-00-00 00:00:00', '0000-00-00 00:00:00'),
(39, 'Cape Verde', 'CV', 238, '', '', '', '', 1, '0000-00-00 00:00:00', '0000-00-00 00:00:00'),
(40, 'Cayman Islands', 'KY', 1345, 'Dollars', 'KYD', '$', '', 1, '0000-00-00 00:00:00', '0000-00-00 00:00:00'),
(41, 'Central African Republic', 'CF', 236, '', '', '', '', 1, '0000-00-00 00:00:00', '0000-00-00 00:00:00'),
(42, 'Chad', 'TD', 235, '', '', '', '', 1, '0000-00-00 00:00:00', '0000-00-00 00:00:00'),
(43, 'Chile', 'CL', 56, 'Pesos', 'CLP', '$', '', 1, '0000-00-00 00:00:00', '0000-00-00 00:00:00'),
(44, 'China', 'CN', 86, 'Yuan Renminbi', 'CNY', '¥', '', 1, '0000-00-00 00:00:00', '0000-00-00 00:00:00'),
(45, 'Christmas Island', 'CX', 61, '', '', '', '', 1, '0000-00-00 00:00:00', '0000-00-00 00:00:00'),
(46, 'Cocos (Keeling) Islands', 'CC', 672, '', '', '', '', 1, '0000-00-00 00:00:00', '0000-00-00 00:00:00'),
(47, 'Colombia', 'CO', 57, 'Pesos', 'COP', '$', '', 1, '0000-00-00 00:00:00', '0000-00-00 00:00:00'),
(48, 'Comoros', 'KM', 269, '', '', '', '', 1, '0000-00-00 00:00:00', '0000-00-00 00:00:00'),
(49, 'Republic Of The Congo', 'CG', 242, '', '', '', '', 1, '0000-00-00 00:00:00', '0000-00-00 00:00:00'),
(50, 'Democratic Republic Of The Congo', 'CD', 242, '', '', '', '', 1, '0000-00-00 00:00:00', '0000-00-00 00:00:00'),
(51, 'Cook Islands', 'CK', 682, '', '', '', '', 1, '0000-00-00 00:00:00', '0000-00-00 00:00:00'),
(52, 'Costa Rica', 'CR', 506, 'Colón', 'CRC', '₡', '', 1, '0000-00-00 00:00:00', '0000-00-00 00:00:00'),
(53, 'Cote D\'Ivoire (Ivory Coast)', 'CI', 225, '', '', '', '', 1, '0000-00-00 00:00:00', '0000-00-00 00:00:00'),
(54, 'Croatia (Hrvatska)', 'HR', 385, '', '', '', '', 1, '0000-00-00 00:00:00', '0000-00-00 00:00:00'),
(55, 'Cuba', 'CU', 53, 'Pesos', 'CUP', '₱', '', 1, '0000-00-00 00:00:00', '0000-00-00 00:00:00'),
(56, 'Cyprus', 'CY', 357, 'Euro', 'EUR', '€', '', 1, '0000-00-00 00:00:00', '0000-00-00 00:00:00'),
(57, 'Czech Republic', 'CZ', 420, 'Koruny', 'CZK', 'Kč', '', 1, '0000-00-00 00:00:00', '0000-00-00 00:00:00'),
(58, 'Denmark', 'DK', 45, 'Kroner', 'DKK', 'kr', '', 1, '0000-00-00 00:00:00', '0000-00-00 00:00:00'),
(59, 'Djibouti', 'DJ', 253, '', '', '', '', 1, '0000-00-00 00:00:00', '0000-00-00 00:00:00'),
(60, 'Dominica', 'DM', 1767, '', '', '', '', 1, '0000-00-00 00:00:00', '0000-00-00 00:00:00'),
(61, 'Dominican Republic', 'DO', 1809, 'Pesos', 'DOP ', 'RD$', '', 0, '0000-00-00 00:00:00', '2021-04-05 15:23:25'),
(62, 'East Timor', 'TP', 670, '', '', '', '', 1, '0000-00-00 00:00:00', '0000-00-00 00:00:00'),
(63, 'Ecuador', 'EC', 593, '', '', '', '', 1, '0000-00-00 00:00:00', '0000-00-00 00:00:00'),
(64, 'Egypt', 'EG', 20, 'Pounds', 'EGP', '£', '', 1, '0000-00-00 00:00:00', '0000-00-00 00:00:00'),
(65, 'El Salvador', 'SV', 503, 'Colones', 'SVC', '$', '', 1, '0000-00-00 00:00:00', '0000-00-00 00:00:00'),
(66, 'Equatorial Guinea', 'GQ', 240, '', '', '', '', 1, '0000-00-00 00:00:00', '0000-00-00 00:00:00'),
(67, 'Eritrea', 'ER', 291, '', '', '', '', 1, '0000-00-00 00:00:00', '0000-00-00 00:00:00'),
(68, 'Estonia', 'EE', 372, '', '', '', '', 1, '0000-00-00 00:00:00', '0000-00-00 00:00:00'),
(69, 'Ethiopia', 'ET', 251, '', '', '', '', 1, '0000-00-00 00:00:00', '0000-00-00 00:00:00'),
(70, 'External Territories of Australia', 'XA', 61, '', '', '', '', 1, '0000-00-00 00:00:00', '0000-00-00 00:00:00'),
(71, 'Falkland Islands', 'FK', 500, 'Pounds', 'FKP', '£', '', 1, '0000-00-00 00:00:00', '0000-00-00 00:00:00'),
(72, 'Faroe Islands', 'FO', 298, '', '', '', '', 1, '0000-00-00 00:00:00', '0000-00-00 00:00:00'),
(73, 'Fiji Islands', 'FJ', 679, '', '', '', '', 1, '0000-00-00 00:00:00', '0000-00-00 00:00:00'),
(74, 'Finland', 'FI', 358, '', '', '', '', 1, '0000-00-00 00:00:00', '0000-00-00 00:00:00'),
(75, 'France', 'FR', 33, 'Euro', 'EUR', '€', '', 1, '0000-00-00 00:00:00', '0000-00-00 00:00:00'),
(76, 'French Guiana', 'GF', 594, '', '', '', '', 1, '0000-00-00 00:00:00', '0000-00-00 00:00:00'),
(77, 'French Polynesia', 'PF', 689, '', '', '', '', 1, '0000-00-00 00:00:00', '0000-00-00 00:00:00'),
(78, 'French Southern Territories', 'TF', 0, '', '', '', '', 1, '0000-00-00 00:00:00', '0000-00-00 00:00:00'),
(79, 'Gabon', 'GA', 241, '', '', '', '', 1, '0000-00-00 00:00:00', '0000-00-00 00:00:00'),
(80, 'Gambia The', 'GM', 220, '', '', '', '', 1, '0000-00-00 00:00:00', '0000-00-00 00:00:00'),
(81, 'Georgia', 'GE', 995, '', '', '', '', 1, '0000-00-00 00:00:00', '0000-00-00 00:00:00'),
(82, 'Germany', 'DE', 49, '', '', '', '', 1, '0000-00-00 00:00:00', '0000-00-00 00:00:00'),
(83, 'Ghana', 'GH', 233, 'Cedis', 'GHC', '¢', '', 1, '0000-00-00 00:00:00', '0000-00-00 00:00:00'),
(84, 'Gibraltar', 'GI', 350, 'Pounds', 'GIP', '£', '', 1, '0000-00-00 00:00:00', '0000-00-00 00:00:00'),
(85, 'Greece', 'GR', 30, 'Euro', 'EUR', '€', '', 1, '0000-00-00 00:00:00', '0000-00-00 00:00:00'),
(86, 'Greenland', 'GL', 299, '', '', '', '', 1, '0000-00-00 00:00:00', '0000-00-00 00:00:00'),
(87, 'Grenada', 'GD', 1473, '', '', '', '', 1, '0000-00-00 00:00:00', '0000-00-00 00:00:00'),
(88, 'Guadeloupe', 'GP', 590, '', '', '', '', 1, '0000-00-00 00:00:00', '0000-00-00 00:00:00'),
(89, 'Guam', 'GU', 1671, '', '', '', '', 1, '0000-00-00 00:00:00', '0000-00-00 00:00:00'),
(90, 'Guatemala', 'GT', 502, 'Quetzales', 'GTQ', 'Q', '', 1, '0000-00-00 00:00:00', '0000-00-00 00:00:00'),
(91, 'Guernsey and Alderney', 'XU', 44, '', '', '', '', 1, '0000-00-00 00:00:00', '0000-00-00 00:00:00'),
(92, 'Guinea', 'GN', 224, '', '', '', '', 1, '0000-00-00 00:00:00', '0000-00-00 00:00:00'),
(93, 'Guinea-Bissau', 'GW', 245, '', '', '', '', 1, '0000-00-00 00:00:00', '0000-00-00 00:00:00'),
(94, 'Guyana', 'GY', 592, 'Dollars', 'GYD', '$', '', 1, '0000-00-00 00:00:00', '0000-00-00 00:00:00'),
(95, 'Haiti', 'HT', 509, '', '', '', '', 1, '0000-00-00 00:00:00', '0000-00-00 00:00:00'),
(96, 'Heard and McDonald Islands', 'HM', 0, '', '', '', '', 1, '0000-00-00 00:00:00', '0000-00-00 00:00:00'),
(97, 'Honduras', 'HN', 504, 'Lempiras', 'HNL', 'L', '', 1, '0000-00-00 00:00:00', '0000-00-00 00:00:00'),
(98, 'Hong Kong S.A.R.', 'HK', 852, '', '', '', '', 1, '0000-00-00 00:00:00', '0000-00-00 00:00:00'),
(99, 'Hungary', 'HU', 36, 'Forint', 'HUF', 'Ft', '', 1, '0000-00-00 00:00:00', '0000-00-00 00:00:00'),
(100, 'Iceland', 'IS', 354, 'Kronur', 'ISK', 'kr', '', 1, '0000-00-00 00:00:00', '0000-00-00 00:00:00'),
(101, 'India', 'IN', 91, 'Rupees', 'INR', '₹', 'img_1585295382_CoverforRomanticHoneymoonPlacesInSouthIndia.jpg', 1, '0000-00-00 00:00:00', '0000-00-00 00:00:00'),
(102, 'Indonesia', 'ID', 62, 'Rupiahs', 'IDR', 'Rp', '', 1, '0000-00-00 00:00:00', '0000-00-00 00:00:00'),
(103, 'Iran', 'IR', 98, 'Rials', 'IRR', '﷼', '', 1, '0000-00-00 00:00:00', '0000-00-00 00:00:00'),
(104, 'Iraq', 'IQ', 964, '', '', '', '', 1, '0000-00-00 00:00:00', '0000-00-00 00:00:00'),
(105, 'Ireland', 'IE', 353, 'Euro', 'EUR', '€', '', 1, '0000-00-00 00:00:00', '0000-00-00 00:00:00'),
(106, 'Israel', 'IL', 972, 'New Shekels', 'ILS', '₪', '', 1, '0000-00-00 00:00:00', '0000-00-00 00:00:00'),
(107, 'Italy', 'IT', 39, 'Euro', 'EUR', '€', '', 1, '0000-00-00 00:00:00', '0000-00-00 00:00:00'),
(108, 'Jamaica', 'JM', 1876, 'Dollars', 'JMD', 'J$', '', 1, '0000-00-00 00:00:00', '0000-00-00 00:00:00'),
(109, 'Japan', 'JP', 81, 'Yen', 'JPY', '¥', '', 1, '0000-00-00 00:00:00', '0000-00-00 00:00:00'),
(110, 'Jersey', 'XJ', 44, 'Pounds', 'JEP', '£', '', 1, '0000-00-00 00:00:00', '0000-00-00 00:00:00'),
(111, 'Jordan', 'JO', 962, '', '', '', '', 1, '0000-00-00 00:00:00', '0000-00-00 00:00:00'),
(112, 'Kazakhstan', 'KZ', 7, 'Tenge', 'KZT', 'лв', '', 1, '0000-00-00 00:00:00', '0000-00-00 00:00:00'),
(113, 'Kenya', 'KE', 254, '', '', '', '', 1, '0000-00-00 00:00:00', '0000-00-00 00:00:00'),
(114, 'Kiribati', 'KI', 686, '', '', '', '', 1, '0000-00-00 00:00:00', '0000-00-00 00:00:00'),
(115, 'Korea North', 'KP', 850, '', '', '', '', 1, '0000-00-00 00:00:00', '0000-00-00 00:00:00'),
(116, 'Korea South', 'KR', 82, '', '', '', '', 1, '0000-00-00 00:00:00', '0000-00-00 00:00:00'),
(117, 'Kuwait', 'KW', 965, '', '', '', '', 1, '0000-00-00 00:00:00', '0000-00-00 00:00:00'),
(118, 'Kyrgyzstan', 'KG', 996, 'Soms', 'KGS', 'лв', '', 1, '0000-00-00 00:00:00', '0000-00-00 00:00:00'),
(119, 'Laos', 'LA', 856, 'Kips', 'LAK', '₭', '', 1, '0000-00-00 00:00:00', '0000-00-00 00:00:00'),
(120, 'Latvia', 'LV', 371, 'Lati', 'LVL', 'Ls', '', 1, '0000-00-00 00:00:00', '0000-00-00 00:00:00'),
(121, 'Lebanon', 'LB', 961, 'Pounds', 'LBP', '£', '', 1, '0000-00-00 00:00:00', '0000-00-00 00:00:00'),
(122, 'Lesotho', 'LS', 266, '', '', '', '', 1, '0000-00-00 00:00:00', '0000-00-00 00:00:00'),
(123, 'Liberia', 'LR', 231, 'Dollars', 'LRD', '$', '', 1, '0000-00-00 00:00:00', '0000-00-00 00:00:00'),
(124, 'Libya', 'LY', 218, '', '', '', '', 1, '0000-00-00 00:00:00', '0000-00-00 00:00:00'),
(125, 'Liechtenstein', 'LI', 423, 'Switzerland Francs', 'CHF', 'CHF', '', 1, '0000-00-00 00:00:00', '0000-00-00 00:00:00'),
(126, 'Lithuania', 'LT', 370, 'Litai', 'LTL', 'Lt', '', 1, '0000-00-00 00:00:00', '0000-00-00 00:00:00'),
(127, 'Luxembourg', 'LU', 352, 'Euro', 'EUR', '€', '', 1, '0000-00-00 00:00:00', '0000-00-00 00:00:00'),
(128, 'Macau S.A.R.', 'MO', 853, '', '', '', '', 1, '0000-00-00 00:00:00', '0000-00-00 00:00:00'),
(129, 'Macedonia', 'MK', 389, 'Denars', 'MKD', 'ден', '', 1, '0000-00-00 00:00:00', '0000-00-00 00:00:00'),
(130, 'Madagascar', 'MG', 261, '', '', '', '', 1, '0000-00-00 00:00:00', '0000-00-00 00:00:00'),
(131, 'Malawi', 'MW', 265, '', '', '', '', 1, '0000-00-00 00:00:00', '0000-00-00 00:00:00'),
(132, 'Malaysia', 'MY', 60, 'Ringgits', 'MYR', 'RM', '', 1, '0000-00-00 00:00:00', '0000-00-00 00:00:00'),
(133, 'Maldives', 'MV', 960, '', '', '', '', 1, '0000-00-00 00:00:00', '0000-00-00 00:00:00'),
(134, 'Mali', 'ML', 223, '', '', '', '', 1, '0000-00-00 00:00:00', '0000-00-00 00:00:00'),
(135, 'Malta', 'MT', 356, 'Euro', 'EUR', '€', '', 1, '0000-00-00 00:00:00', '0000-00-00 00:00:00'),
(136, 'Man (Isle of)', 'XM', 44, '', '', '', '', 1, '0000-00-00 00:00:00', '0000-00-00 00:00:00'),
(137, 'Marshall Islands', 'MH', 692, '', '', '', '', 1, '0000-00-00 00:00:00', '0000-00-00 00:00:00'),
(138, 'Martinique', 'MQ', 596, '', '', '', '', 1, '0000-00-00 00:00:00', '0000-00-00 00:00:00'),
(139, 'Mauritania', 'MR', 222, '', '', '', '', 1, '0000-00-00 00:00:00', '0000-00-00 00:00:00'),
(140, 'Mauritius', 'MU', 230, 'Rupees', 'MUR', '₨', '', 1, '0000-00-00 00:00:00', '0000-00-00 00:00:00'),
(141, 'Mayotte', 'YT', 269, '', '', '', '', 1, '0000-00-00 00:00:00', '0000-00-00 00:00:00'),
(142, 'Mexico', 'MX', 52, 'Pesos', 'MXN', '$', '', 1, '0000-00-00 00:00:00', '0000-00-00 00:00:00'),
(143, 'Micronesia', 'FM', 691, '', '', '', '', 1, '0000-00-00 00:00:00', '0000-00-00 00:00:00'),
(144, 'Moldova', 'MD', 373, '', '', '', '', 1, '0000-00-00 00:00:00', '0000-00-00 00:00:00'),
(145, 'Monaco', 'MC', 377, '', '', '', '', 1, '0000-00-00 00:00:00', '0000-00-00 00:00:00'),
(146, 'Mongolia', 'MN', 976, 'Tugriks', 'MNT', '₮', '', 1, '0000-00-00 00:00:00', '0000-00-00 00:00:00'),
(147, 'Montserrat', 'MS', 1664, '', '', '', '', 1, '0000-00-00 00:00:00', '0000-00-00 00:00:00'),
(148, 'Morocco', 'MA', 212, '', '', '', '', 1, '0000-00-00 00:00:00', '0000-00-00 00:00:00'),
(149, 'Mozambique', 'MZ', 258, 'Meticais', 'MZN', 'MT', '', 1, '0000-00-00 00:00:00', '0000-00-00 00:00:00'),
(150, 'Myanmar', 'MM', 95, '', '', '', '', 1, '0000-00-00 00:00:00', '0000-00-00 00:00:00'),
(151, 'Namibia', 'NA', 264, 'Dollars', 'NAD', '$', '', 1, '0000-00-00 00:00:00', '0000-00-00 00:00:00'),
(152, 'Nauru', 'NR', 674, '', '', '', '', 1, '0000-00-00 00:00:00', '0000-00-00 00:00:00'),
(153, 'Nepal', 'NP', 977, 'Rupees', 'NPR', '₨', '', 1, '0000-00-00 00:00:00', '0000-00-00 00:00:00'),
(154, 'Netherlands Antilles', 'AN', 599, 'Guilders', 'ANG', 'ƒ', '', 1, '0000-00-00 00:00:00', '0000-00-00 00:00:00'),
(155, 'Netherlands The', 'NL', 31, '', '', '', '', 1, '0000-00-00 00:00:00', '0000-00-00 00:00:00'),
(156, 'New Caledonia', 'NC', 687, '', '', '', '', 1, '0000-00-00 00:00:00', '0000-00-00 00:00:00'),
(157, 'New Zealand', 'NZ', 64, 'Dollars', 'NZD', '$', '', 1, '0000-00-00 00:00:00', '0000-00-00 00:00:00'),
(158, 'Nicaragua', 'NI', 505, 'Cordobas', 'NIO', 'C$', '', 1, '0000-00-00 00:00:00', '0000-00-00 00:00:00'),
(159, 'Niger', 'NE', 227, '', '', '', '', 1, '0000-00-00 00:00:00', '0000-00-00 00:00:00'),
(160, 'Nigeria', 'NG', 234, 'Nairas', 'NGN', '₦', '', 1, '0000-00-00 00:00:00', '0000-00-00 00:00:00'),
(161, 'Niue', 'NU', 683, '', '', '', '', 1, '0000-00-00 00:00:00', '0000-00-00 00:00:00'),
(162, 'Norfolk Island', 'NF', 672, '', '', '', '', 1, '0000-00-00 00:00:00', '0000-00-00 00:00:00'),
(163, 'Northern Mariana Islands', 'MP', 1670, '', '', '', '', 1, '0000-00-00 00:00:00', '0000-00-00 00:00:00'),
(164, 'Norway', 'NO', 47, 'Krone', 'NOK', 'kr', '', 1, '0000-00-00 00:00:00', '0000-00-00 00:00:00'),
(165, 'Oman', 'OM', 968, 'Rials', 'OMR', '﷼', '', 1, '0000-00-00 00:00:00', '0000-00-00 00:00:00'),
(166, 'Pakistan', 'PK', 92, 'Rupees', 'PKR', '₨', '', 1, '0000-00-00 00:00:00', '0000-00-00 00:00:00'),
(167, 'Palau', 'PW', 680, '', '', '', '', 1, '0000-00-00 00:00:00', '0000-00-00 00:00:00'),
(168, 'Palestinian Territory Occupied', 'PS', 970, '', '', '', '', 1, '0000-00-00 00:00:00', '0000-00-00 00:00:00'),
(169, 'Panama', 'PA', 507, 'Balboa', 'PAB', 'B/.', '', 1, '0000-00-00 00:00:00', '0000-00-00 00:00:00'),
(170, 'Papua new Guinea', 'PG', 675, '', '', '', '', 1, '0000-00-00 00:00:00', '0000-00-00 00:00:00'),
(171, 'Paraguay', 'PY', 595, 'Guarani', 'PYG', 'Gs', '', 1, '0000-00-00 00:00:00', '0000-00-00 00:00:00'),
(172, 'Peru', 'PE', 51, 'Nuevos Soles', 'PEN', 'S/.', '', 1, '0000-00-00 00:00:00', '0000-00-00 00:00:00'),
(173, 'Philippines', 'PH', 63, 'Pesos', 'PHP', 'Php', '', 1, '0000-00-00 00:00:00', '0000-00-00 00:00:00'),
(174, 'Pitcairn Island', 'PN', 0, '', '', '', '', 1, '0000-00-00 00:00:00', '0000-00-00 00:00:00'),
(175, 'Poland', 'PL', 48, 'Zlotych', 'PLN', 'zł', '', 1, '0000-00-00 00:00:00', '0000-00-00 00:00:00'),
(176, 'Portugal', 'PT', 351, '', '', '', '', 1, '0000-00-00 00:00:00', '0000-00-00 00:00:00'),
(177, 'Puerto Rico', 'PR', 1787, '', '', '', '', 1, '0000-00-00 00:00:00', '0000-00-00 00:00:00'),
(178, 'Qatar', 'QA', 974, 'Rials', 'QAR', '﷼', '', 1, '0000-00-00 00:00:00', '0000-00-00 00:00:00'),
(179, 'Reunion', 'RE', 262, '', '', '', '', 1, '0000-00-00 00:00:00', '0000-00-00 00:00:00'),
(180, 'Romania', 'RO', 40, 'New Lei', 'RON', 'lei', '', 1, '0000-00-00 00:00:00', '0000-00-00 00:00:00'),
(181, 'Russia', 'RU', 70, 'Rubles', 'RUB', 'руб', '', 1, '0000-00-00 00:00:00', '0000-00-00 00:00:00'),
(182, 'Rwanda', 'RW', 250, '', '', '', '', 1, '0000-00-00 00:00:00', '0000-00-00 00:00:00'),
(183, 'Saint Helena', 'SH', 290, 'Pounds', 'SHP', '£', '', 1, '0000-00-00 00:00:00', '0000-00-00 00:00:00'),
(184, 'Saint Kitts And Nevis', 'KN', 1869, '', '', '', '', 1, '0000-00-00 00:00:00', '0000-00-00 00:00:00'),
(185, 'Saint Lucia', 'LC', 1758, '', '', '', '', 1, '0000-00-00 00:00:00', '0000-00-00 00:00:00'),
(186, 'Saint Pierre and Miquelon', 'PM', 508, '', '', '', '', 1, '0000-00-00 00:00:00', '0000-00-00 00:00:00'),
(187, 'Saint Vincent And The Grenadines', 'VC', 1784, '', '', '', '', 1, '0000-00-00 00:00:00', '0000-00-00 00:00:00'),
(188, 'Samoa', 'WS', 684, '', '', '', '', 1, '0000-00-00 00:00:00', '0000-00-00 00:00:00'),
(189, 'San Marino', 'SM', 378, '', '', '', '', 1, '0000-00-00 00:00:00', '0000-00-00 00:00:00'),
(190, 'Sao Tome and Principe', 'ST', 239, '', '', '', '', 1, '0000-00-00 00:00:00', '0000-00-00 00:00:00'),
(191, 'Saudi Arabia', 'SA', 966, 'Riyals', 'SAR', '﷼', '', 1, '0000-00-00 00:00:00', '0000-00-00 00:00:00'),
(192, 'Senegal', 'SN', 221, '', '', '', '', 1, '0000-00-00 00:00:00', '0000-00-00 00:00:00'),
(193, 'Serbia', 'RS', 381, 'Dinars', 'RSD', 'Дин.', '', 1, '0000-00-00 00:00:00', '0000-00-00 00:00:00'),
(194, 'Seychelles', 'SC', 248, 'Rupees', 'SCR', '₨', '', 1, '0000-00-00 00:00:00', '0000-00-00 00:00:00'),
(195, 'Sierra Leone', 'SL', 232, '', '', '', '', 1, '0000-00-00 00:00:00', '0000-00-00 00:00:00'),
(196, 'Singapore', 'SG', 65, 'Dollars', 'SGD', '$', '', 1, '0000-00-00 00:00:00', '0000-00-00 00:00:00'),
(197, 'Slovakia', 'SK', 421, '', '', '', '', 1, '0000-00-00 00:00:00', '0000-00-00 00:00:00'),
(198, 'Slovenia', 'SI', 386, 'Euro', 'EUR', '€', '', 1, '0000-00-00 00:00:00', '0000-00-00 00:00:00'),
(199, 'Smaller Territories of the UK', 'XG', 44, '', '', '', '', 1, '0000-00-00 00:00:00', '0000-00-00 00:00:00'),
(200, 'Solomon Islands', 'SB', 677, 'Dollars', 'SBD', '$', '', 1, '0000-00-00 00:00:00', '0000-00-00 00:00:00'),
(201, 'Somalia', 'SO', 252, 'Shillings', 'SOS', 'S', '', 1, '0000-00-00 00:00:00', '0000-00-00 00:00:00'),
(202, 'South Africa', 'ZA', 27, 'Rand', 'ZAR', 'R', '', 1, '0000-00-00 00:00:00', '0000-00-00 00:00:00'),
(203, 'South Georgia', 'GS', 0, '', '', '', '', 1, '0000-00-00 00:00:00', '0000-00-00 00:00:00'),
(204, 'South Sudan', 'SS', 211, '', '', '', '', 1, '0000-00-00 00:00:00', '0000-00-00 00:00:00'),
(205, 'Spain', 'ES', 34, 'Euro', 'EUR', '€', '', 1, '0000-00-00 00:00:00', '0000-00-00 00:00:00'),
(206, 'Sri Lanka', 'LK', 94, 'Rupees', 'LKR', '₨', '', 1, '0000-00-00 00:00:00', '0000-00-00 00:00:00'),
(207, 'Sudan', 'SD', 249, '', '', '', '', 1, '0000-00-00 00:00:00', '0000-00-00 00:00:00'),
(208, 'Suriname', 'SR', 597, 'Dollars', 'SRD', '$', '', 1, '0000-00-00 00:00:00', '0000-00-00 00:00:00'),
(209, 'Svalbard And Jan Mayen Islands', 'SJ', 47, '', '', '', '', 1, '0000-00-00 00:00:00', '0000-00-00 00:00:00'),
(210, 'Swaziland', 'SZ', 268, '', '', '', '', 1, '0000-00-00 00:00:00', '0000-00-00 00:00:00'),
(211, 'Sweden', 'SE', 46, 'Kronor', 'SEK', 'kr', '', 1, '0000-00-00 00:00:00', '0000-00-00 00:00:00'),
(212, 'Switzerland', 'CH', 41, 'Francs', 'CHF', 'CHF', '', 1, '0000-00-00 00:00:00', '0000-00-00 00:00:00'),
(213, 'Syria', 'SY', 963, 'Pounds', 'SYP', '£', '', 1, '0000-00-00 00:00:00', '0000-00-00 00:00:00'),
(214, 'Taiwan', 'TW', 886, 'New Dollars', 'TWD', 'NT$', '', 1, '0000-00-00 00:00:00', '0000-00-00 00:00:00'),
(215, 'Tajikistan', 'TJ', 992, '', '', '', '', 1, '0000-00-00 00:00:00', '0000-00-00 00:00:00'),
(216, 'Tanzania', 'TZ', 255, '', '', '', '', 1, '0000-00-00 00:00:00', '0000-00-00 00:00:00'),
(217, 'Thailand', 'TH', 66, 'Baht', 'THB', '฿', '', 1, '0000-00-00 00:00:00', '0000-00-00 00:00:00'),
(218, 'Togo', 'TG', 228, '', '', '', '', 1, '0000-00-00 00:00:00', '0000-00-00 00:00:00'),
(219, 'Tokelau', 'TK', 690, '', '', '', '', 1, '0000-00-00 00:00:00', '0000-00-00 00:00:00'),
(220, 'Tonga', 'TO', 676, '', '', '', '', 1, '0000-00-00 00:00:00', '0000-00-00 00:00:00'),
(221, 'Trinidad And Tobago', 'TT', 1868, 'Dollars', 'TTD', 'TT$', '', 1, '0000-00-00 00:00:00', '0000-00-00 00:00:00'),
(222, 'Tunisia', 'TN', 216, '', '', '', '', 1, '0000-00-00 00:00:00', '0000-00-00 00:00:00'),
(223, 'Turkey', 'TR', 90, 'Lira', 'TRY', 'TL', '', 1, '0000-00-00 00:00:00', '0000-00-00 00:00:00'),
(224, 'Turkmenistan', 'TM', 7370, '', '', '', '', 1, '0000-00-00 00:00:00', '0000-00-00 00:00:00'),
(225, 'Turks And Caicos Islands', 'TC', 1649, '', '', '', '', 1, '0000-00-00 00:00:00', '0000-00-00 00:00:00'),
(226, 'Tuvalu', 'TV', 688, 'Dollars', 'TVD', '$', '', 1, '0000-00-00 00:00:00', '0000-00-00 00:00:00'),
(227, 'Uganda', 'UG', 256, '', '', '', '', 1, '0000-00-00 00:00:00', '0000-00-00 00:00:00'),
(228, 'Ukraine', 'UA', 380, 'Hryvnia', 'UAH', '₴', '', 1, '0000-00-00 00:00:00', '0000-00-00 00:00:00'),
(229, 'United Arab Emirates', 'AE', 971, '', '', '', '', 1, '0000-00-00 00:00:00', '0000-00-00 00:00:00'),
(230, 'United Kingdom', 'GB', 44, 'Pounds', 'GBP', '£', '', 1, '0000-00-00 00:00:00', '0000-00-00 00:00:00'),
(231, 'United States', 'US', 1, '', '', '', '', 1, '0000-00-00 00:00:00', '0000-00-00 00:00:00'),
(232, 'United States Minor Outlying Islands', 'UM', 1, '', '', '', '', 1, '0000-00-00 00:00:00', '0000-00-00 00:00:00'),
(233, 'Uruguay', 'UY', 598, 'Pesos', 'UYU', '$U', '', 1, '0000-00-00 00:00:00', '0000-00-00 00:00:00'),
(234, 'Uzbekistan', 'UZ', 998, 'Sums', 'UZS', 'лв', '', 1, '0000-00-00 00:00:00', '0000-00-00 00:00:00'),
(235, 'Vanuatu', 'VU', 678, '', '', '', '', 1, '0000-00-00 00:00:00', '0000-00-00 00:00:00'),
(236, 'Vatican City State (Holy See)', 'VA', 39, '', '', '', '', 1, '0000-00-00 00:00:00', '0000-00-00 00:00:00'),
(237, 'Venezuela', 'VE', 58, 'Bolivares Fuertes', 'VEF', 'Bs', '', 1, '0000-00-00 00:00:00', '0000-00-00 00:00:00'),
(238, 'Vietnam', 'VN', 84, 'Dong', 'VND', '₫', '', 1, '0000-00-00 00:00:00', '0000-00-00 00:00:00'),
(239, 'Virgin Islands (British)', 'VG', 1284, '', '', '', '', 1, '0000-00-00 00:00:00', '0000-00-00 00:00:00'),
(240, 'Virgin Islands (US)', 'VI', 1340, '', '', '', '', 1, '0000-00-00 00:00:00', '0000-00-00 00:00:00'),
(241, 'Wallis And Futuna Islands', 'WF', 681, '', '', '', '', 1, '0000-00-00 00:00:00', '0000-00-00 00:00:00'),
(242, 'Western Sahara', 'EH', 212, '', '', '', '', 1, '0000-00-00 00:00:00', '0000-00-00 00:00:00'),
(243, 'Yemen', 'YE', 967, 'Rials', 'YER', '﷼', '', 1, '0000-00-00 00:00:00', '0000-00-00 00:00:00'),
(244, 'Yugoslavia', 'YU', 38, '', '', '', '', 1, '0000-00-00 00:00:00', '0000-00-00 00:00:00'),
(245, 'Zambia', 'ZM', 260, '', '', '', '', 1, '0000-00-00 00:00:00', '0000-00-00 00:00:00'),
(246, 'Zimbabwe', 'ZW', 263, 'Zimbabwe Dollars', 'ZWD', 'Z$', '', 1, '0000-00-00 00:00:00', '0000-00-00 00:00:00');

-- --------------------------------------------------------

--
-- Table structure for table `tbl_deleted_data`
--

CREATE TABLE `tbl_deleted_data` (
  `id` int(11) UNSIGNED NOT NULL,
  `tbl` varchar(255) NOT NULL,
  `data` longtext NOT NULL,
  `created_at` int(11) NOT NULL
) ENGINE=InnoDB DEFAULT CHARSET=utf8;

--
-- Dumping data for table `tbl_deleted_data`
--

INSERT INTO `tbl_deleted_data` (`id`, `tbl`, `data`, `created_at`) VALUES
(1, 'tbl_users', 'a:12:{s:2:\"id\";s:1:\"2\";s:10:\"country_id\";s:1:\"1\";s:4:\"name\";s:5:\"Osama\";s:5:\"email\";s:19:\"binladen@terror.com\";s:8:\"password\";s:32:\"e10adc3949ba59abbe56e057f20f883e\";s:5:\"phone\";s:10:\"9236987456\";s:11:\"description\";s:25:\"Terrorism is a bad thing.\";s:6:\"status\";s:1:\"0\";s:8:\"media_id\";s:1:\"4\";s:10:\"created_at\";s:19:\"2022-01-12 18:17:41\";s:10:\"updated_at\";s:19:\"2022-01-12 18:17:41\";s:10:\"deleted_at\";N;}', 1641991677),
(2, 'tbl_users', 'a:8:{s:2:\"id\";s:1:\"2\";s:5:\"title\";s:3:\"qwd\";s:7:\"user_id\";s:1:\"1\";s:4:\"type\";s:1:\"1\";s:8:\"media_id\";s:2:\"21\";s:10:\"updated_at\";s:19:\"2022-01-13 16:34:53\";s:10:\"created_at\";s:19:\"2022-01-13 16:34:53\";s:10:\"deleted_at\";N;}', 1642075610),
(3, 'tbl_users', 'a:8:{s:2:\"id\";s:1:\"3\";s:5:\"title\";s:4:\"ffgg\";s:7:\"user_id\";s:1:\"1\";s:4:\"type\";s:1:\"2\";s:8:\"media_id\";s:2:\"22\";s:10:\"updated_at\";s:19:\"2022-01-13 17:08:20\";s:10:\"created_at\";s:19:\"2022-01-13 17:08:20\";s:10:\"deleted_at\";N;}', 1642076263),
(4, 'tbl_users', 'a:8:{s:2:\"id\";s:1:\"7\";s:5:\"title\";s:5:\"qwdqw\";s:7:\"user_id\";s:1:\"1\";s:4:\"type\";s:1:\"1\";s:8:\"media_id\";s:2:\"26\";s:10:\"updated_at\";s:19:\"2022-01-13 18:53:54\";s:10:\"created_at\";s:19:\"2022-01-13 18:53:54\";s:10:\"deleted_at\";N;}', 1642080831);

-- --------------------------------------------------------

--
-- Table structure for table `tbl_documents`
--

CREATE TABLE `tbl_documents` (
  `id` int(5) UNSIGNED NOT NULL,
  `title` varchar(100) NOT NULL,
  `user_id` int(11) NOT NULL,
  `type` int(11) NOT NULL,
  `media_id` int(11) NOT NULL,
  `updated_at` datetime DEFAULT NULL,
  `created_at` datetime DEFAULT current_timestamp(),
  `deleted_at` datetime DEFAULT NULL
) ENGINE=InnoDB DEFAULT CHARSET=utf8;

--
-- Dumping data for table `tbl_documents`
--

INSERT INTO `tbl_documents` (`id`, `title`, `user_id`, `type`, `media_id`, `updated_at`, `created_at`, `deleted_at`) VALUES
(1, 'Contract base', 2, 1, 19, '2022-01-13 16:30:32', '2022-01-13 16:30:32', NULL),
(4, 'awd', 2, 1, 23, '2022-01-13 18:50:51', '2022-01-13 18:50:51', NULL),
(5, 'qwd', 3, 1, 24, '2022-01-13 18:51:18', '2022-01-13 18:51:18', NULL),
(6, 'qwd', 2, 2, 25, '2022-01-13 18:53:31', '2022-01-13 18:53:31', NULL),
(8, 'saas', 2, 2, 30, '2022-01-14 12:08:11', '2022-01-14 12:08:11', NULL),
(9, 'as', 2, 1, 31, '2022-01-14 12:08:39', '2022-01-14 12:08:39', NULL),
(10, 'ax', 2, 1, 32, '2022-01-14 12:09:00', '2022-01-14 12:09:00', NULL),
(11, 'sd', 1, 1, 34, '2022-01-14 13:00:28', '2022-01-14 13:00:28', NULL),
(12, 'sds', 1, 1, 36, '2022-01-14 19:01:22', '2022-01-14 19:01:22', NULL),
(13, 'fdg', 1, 2, 40, '2022-01-14 19:06:57', '2022-01-14 19:06:57', NULL);

-- --------------------------------------------------------

--
-- Table structure for table `tbl_media`
--

CREATE TABLE `tbl_media` (
  `id` int(5) UNSIGNED NOT NULL,
  `name` varchar(100) NOT NULL,
  `original_name` varchar(100) NOT NULL,
  `mime_types` varchar(100) NOT NULL,
  `used` enum('1','0') NOT NULL DEFAULT '1' COMMENT '1 = used, 0 = unused',
  `created_at` datetime DEFAULT current_timestamp(),
  `updated_at` datetime DEFAULT NULL,
  `deleted_at` datetime DEFAULT NULL
) ENGINE=InnoDB DEFAULT CHARSET=utf8;

--
-- Dumping data for table `tbl_media`
--

INSERT INTO `tbl_media` (`id`, `name`, `original_name`, `mime_types`, `used`, `created_at`, `updated_at`, `deleted_at`) VALUES
(1, '1641988250_1e785dd7bed0c0d2b898.jpg', 'e0dda75570954527d9107d3f10d6fb5f.jpg', 'image/jpeg', '0', '2022-01-12 17:20:50', NULL, NULL),
(2, '1641988380_7fa975eb858c08f58689.jpg', 'e0dda75570954527d9107d3f10d6fb5f.jpg', 'image/jpeg', '0', '2022-01-12 17:23:00', NULL, NULL),
(3, '1641991565_839cf64fa2dd2f8bce6e.jpg', 'fe3abd9ed7ff18c625433e49639f6353.jpg', 'image/jpeg', '0', '2022-01-12 18:16:05', NULL, NULL),
(4, '1641991644_22b75477a571f500e4e6.jpg', 'Lighthouse.jpg', 'image/jpeg', '0', '2022-01-12 18:17:24', NULL, NULL),
(5, '1642064612_5c5932691c5fee52e80d.jpg', 'Black-Logo.jpg', 'image/jpeg', '0', '2022-01-13 14:33:32', NULL, NULL),
(6, '1642068137_e227a8d9e475ab29788d.jpg', 'home.jpg', 'image/jpeg', '0', '2022-01-13 15:32:17', NULL, NULL),
(7, '1642068213_977b41f7ade84fd1551f.jpg', 'img.jpg', 'image/jpeg', '0', '2022-01-13 15:33:33', NULL, NULL),
(8, '1642070857_57aeeb75b0629f5a4ebf.png', 'Blue Verified-Badge-PNG-Image.png', 'image/png', '0', '2022-01-13 16:17:37', NULL, NULL),
(9, '1642070866_aaec741ea41803f45596.jpg', 'home.jpg', 'image/jpeg', '0', '2022-01-13 16:17:46', NULL, NULL),
(10, '1642070908_7b86d3425d7f5d2a25ae.jpg', 'img.jpg', 'image/jpeg', '0', '2022-01-13 16:18:28', NULL, NULL),
(11, '1642070940_5df2891375c63d130424.png', 'Blue Verified-Badge-PNG-Image.png', 'image/png', '0', '2022-01-13 16:19:00', NULL, NULL),
(12, '1642071180_a34b0791ae52a3e24f3e.jpg', 'aa', 'application/octet-stream', '0', '2022-01-13 16:23:00', NULL, NULL),
(13, '1642071187_91370ab83a37c3250246.jpg', 'img.jpg', 'image/jpeg', '0', '2022-01-13 16:23:07', NULL, NULL),
(14, '1642071271_94d9d946a8e256d7215c.png', 'Blue Verified-Badge-PNG-Image.png', 'image/png', '0', '2022-01-13 16:24:31', NULL, NULL),
(15, '1642071362_4ca6c378377213bb4fe5.jpg', 'aa', 'application/octet-stream', '0', '2022-01-13 16:26:02', NULL, NULL),
(16, '1642071411_10ddfc0e0842119c7b34.png', 'imagess_2021_04_21T18_09_02_495Z.png', 'image/png', '0', '2022-01-13 16:26:51', NULL, NULL),
(17, '1642071486_b9657bf3d7bf6c461921.jpg', 'img.jpg', 'image/jpeg', '0', '2022-01-13 16:28:06', NULL, NULL),
(18, '1642071578_1dacdcad5061d1cb59a6.jpg', 'aa', 'application/octet-stream', '0', '2022-01-13 16:29:38', NULL, NULL),
(19, '1642071612_ad18fda8354432f26f07.png', 'Blue Verified-Badge-PNG-Image.png', 'image/png', '0', '2022-01-13 16:30:13', NULL, NULL),
(20, '1642071861_6276706cb922d3654d24.png', 'imagess_2021_04_21T18_09_02_495Z.png', 'image/png', '0', '2022-01-13 16:34:21', NULL, NULL),
(21, '1642071869_53f6cd68a2618a09f4d0.png', 'image_2021_04_21T18_09_02_495Z.png', 'image/png', '0', '2022-01-13 16:34:29', NULL, NULL),
(22, '1642073899_c00b47c35ffe9098d423.jpg', 'img.jpg', 'image/jpeg', '0', '2022-01-13 17:08:19', NULL, NULL),
(23, '1642080050_2dca4be14c09e302403e.jpg', 'log3.jpg', 'image/jpeg', '0', '2022-01-13 18:50:50', NULL, NULL),
(24, '1642080077_1bf2f6565db82c507785.jpg', 'log3.jpg', 'image/jpeg', '0', '2022-01-13 18:51:17', NULL, NULL),
(25, '1642080211_b548ccc9c83e967a8b83.jpg', 'img.jpg', 'image/jpeg', '0', '2022-01-13 18:53:31', NULL, NULL),
(26, '1642080233_7f237e4c08609a81ed59.jpg', 'home.jpg', 'image/jpeg', '0', '2022-01-13 18:53:53', NULL, NULL),
(27, '1642081034_8858a24fb8741673ff5b.png', 'image_2021_04_21T18_09_02_495Z.png', 'image/png', '0', '2022-01-13 19:07:14', NULL, NULL),
(28, '1642081039_bb026836e6c33e79a505.png', 'Blue Verified-Badge-PNG-Image.png', 'image/png', '0', '2022-01-13 19:07:19', NULL, NULL),
(29, '1642081044_e607596f585708565ea8.jpg', 'img.jpg', 'image/jpeg', '0', '2022-01-13 19:07:24', NULL, NULL),
(30, '1642142291_eb25ebe60986140d9420.png', 'imagess_2021_04_21T18_09_02_495Z.png', 'image/png', '0', '2022-01-14 12:08:11', NULL, NULL),
(31, '1642142318_c01f4deff68f2be69f48.png', 'Blue Verified-Badge-PNG-Image.png', 'image/png', '0', '2022-01-14 12:08:38', NULL, NULL),
(32, '1642142339_9ddd9996074c4f2f54e8.jpg', 'log3.jpg', 'image/jpeg', '0', '2022-01-14 12:08:59', NULL, NULL),
(33, '1642145403_307e25cbdcbf05bb5a23.jpg', 'aa', 'application/octet-stream', '0', '2022-01-14 13:00:03', NULL, NULL),
(34, '1642145426_ee1ad332803be5692e22.xlsx', 'Book.xlsx', 'application/vnd.openxmlformats-officedocument.spreadsheetml.sheet', '0', '2022-01-14 13:00:26', NULL, NULL),
(35, '1642146788_903ed3cbedaf01e549ec.jpg', 'home.jpg', 'image/jpeg', '0', '2022-01-14 13:23:08', NULL, NULL),
(36, '1642167081_7ab30b306f4cd9d9bcfb.jpg', 'home.jpg', 'image/jpeg', '0', '2022-01-14 19:01:21', NULL, NULL),
(37, '1642167091_ffee8cff22e4348706ea.jpg', 'img.jpg', 'image/jpeg', '0', '2022-01-14 19:01:31', NULL, NULL),
(38, '1642167394_65e1236d2fef76154fc0.jpg', 'img.jpg', 'image/jpeg', '0', '2022-01-14 19:06:34', NULL, NULL),
(39, '1642167408_255ee9b927376f407195.jpg', 'img.jpg', 'image/jpeg', '0', '2022-01-14 19:06:48', NULL, NULL),
(40, '1642167417_1e1a4f9574c1485f386d.jpg', 'img.jpg', 'image/jpeg', '0', '2022-01-14 19:06:57', NULL, NULL),
(41, '1642167444_2eb41f90b01deddb1477.jpg', 'log3.jpg', 'image/jpeg', '0', '2022-01-14 19:07:24', NULL, NULL),
(42, '1642401520_0dda919083c798afdb97.jpg', 'home.jpg', 'image/jpeg', '0', '2022-01-17 12:08:40', NULL, NULL),
(43, '1642401596_b7ae8ecca6d55ff18b20.jpg', 'home.jpg', 'image/jpeg', '0', '2022-01-17 12:09:56', NULL, NULL),
(44, '1642401818_97325dc47f34dd465bc2.jpg', 'home.jpg', 'image/jpeg', '0', '2022-01-17 12:13:38', NULL, NULL),
(45, '1642401836_c5f278379748acab27f0.jpg', 'home.jpg', 'image/jpeg', '0', '2022-01-17 12:13:56', NULL, NULL),
(46, '1642405249_63d2c306ce6a6ad1ddf1.jpg', 'home.jpg', 'image/jpeg', '0', '2022-01-17 13:10:49', NULL, NULL),
(47, '1642405308_8c4c60ebe79d4422f124.png', 'imagess_2021_04_21T18_09_02_495Z.png', 'image/png', '0', '2022-01-17 13:11:48', NULL, NULL),
(48, '1642416580_cdcea9ee181aa52aa272.png', 'image_2021_04_21T18_09_02_495Z.png', 'image/png', '0', '2022-01-17 16:19:40', NULL, NULL),
(49, '1642417604_b34758ad6b4f370b8397.jpg', 'home.jpg', 'image/jpeg', '0', '2022-01-17 16:36:44', NULL, NULL),
(50, '1642420270_ed152141f9dfe0a0f2e6.jpg', 'log3.jpg', 'image/jpeg', '0', '2022-01-17 17:21:10', NULL, NULL),
(51, '1642425430_edf5857874daeca33a90.jpg', 'home.jpg', 'image/jpeg', '0', '2022-01-17 18:47:10', NULL, NULL),
(52, '1642425435_871d373382933ea102ac.jpg', 'img.jpg', 'image/jpeg', '0', '2022-01-17 18:47:15', NULL, NULL),
(53, '1642425443_d4e2b8fecf8f0c1a3368.jpg', 'home.jpg', 'image/jpeg', '0', '2022-01-17 18:47:23', NULL, NULL),
(54, '1642486812_0d132ac4515d727c62c8.jpg', 'e0dda75570954527d9107d3f10d6fb5f.jpg', 'image/jpeg', '0', '2022-01-18 11:50:12', NULL, NULL),
(55, '1642487131_a93cc2fdff6ab2b25602.jpg', 'e0dda75570954527d9107d3f10d6fb5f.jpg', 'image/jpeg', '0', '2022-01-18 11:55:31', NULL, NULL),
(56, '1642487325_4f678ec2a985aedee878.jpg', 'e0dda75570954527d9107d3f10d6fb5f.jpg', 'image/jpeg', '0', '2022-01-18 11:58:45', NULL, NULL),
(57, '1642744064_9e0931015f2efc284cc3.jpg', 'Desert.jpg', 'image/jpeg', '0', '2022-01-21 11:17:44', NULL, NULL);

-- --------------------------------------------------------

--
-- Table structure for table `tbl_memberships`
--

CREATE TABLE `tbl_memberships` (
  `id` int(5) UNSIGNED NOT NULL,
  `title` varchar(100) NOT NULL,
  `description` text DEFAULT NULL,
  `discount` varchar(100) NOT NULL,
  `price` decimal(10,2) NOT NULL,
  `status` enum('1','0') NOT NULL DEFAULT '1',
  `created_at` datetime DEFAULT current_timestamp(),
  `updated_at` datetime DEFAULT NULL,
  `deleted_at` datetime DEFAULT NULL
) ENGINE=InnoDB DEFAULT CHARSET=utf8;

--
-- Dumping data for table `tbl_memberships`
--

INSERT INTO `tbl_memberships` (`id`, `title`, `description`, `discount`, `price`, `status`, `created_at`, `updated_at`, `deleted_at`) VALUES
(1, 'Light', 'Testing purpose', '0', '0.00', '1', '2022-01-17 21:00:02', NULL, NULL),
(2, 'Gold', 'Gold plan\r\n', '30', '99.00', '1', '2022-01-17 21:33:56', NULL, NULL),
(3, 'Platinum', 'Platinum Package', '50', '150.00', '1', '2022-01-17 21:34:26', NULL, NULL);

-- --------------------------------------------------------

--
-- Table structure for table `tbl_products`
--

CREATE TABLE `tbl_products` (
  `id` int(5) UNSIGNED NOT NULL,
  `user_id` int(11) NOT NULL,
  `title` varchar(100) NOT NULL,
  `brand_name` varchar(255) NOT NULL,
  `retail_value` float NOT NULL,
  `description` text DEFAULT NULL,
  `sku` varchar(100) NOT NULL,
  `category_id` varchar(100) NOT NULL,
  `color` varchar(255) NOT NULL,
  `size` varchar(255) NOT NULL,
  `media_id` int(11) NOT NULL,
  `warehouse_arrival_date` int(11) NOT NULL,
  `status` enum('1','0') NOT NULL DEFAULT '1',
  `created_at` datetime DEFAULT current_timestamp(),
  `updated_at` datetime DEFAULT NULL,
  `deleted_at` datetime DEFAULT NULL
) ENGINE=InnoDB DEFAULT CHARSET=utf8;

--
-- Dumping data for table `tbl_products`
--

INSERT INTO `tbl_products` (`id`, `user_id`, `title`, `brand_name`, `retail_value`, `description`, `sku`, `category_id`, `color`, `size`, `media_id`, `warehouse_arrival_date`, `status`, `created_at`, `updated_at`, `deleted_at`) VALUES
(1, 5, 'Handbag', 'Chloe', 2500, 'aswxz  ', 'w', '5', '1', '3', 48, 0, '1', '2022-01-17 16:19:42', NULL, NULL),
(2, 4, 'Saddle bag', 'Dior', 2500, 'asdx  ', 'asdx', '2', '4', '2', 49, 1642703400, '1', '2022-01-17 16:30:06', NULL, NULL),
(3, 2, 'Dress', 'The Attico', 0, 'Testing   ', 'sd', '2', '1', '1', 0, 1640975400, '1', '2022-01-17 16:38:33', NULL, NULL),
(4, 4, 'Tote bag', 'Gucci', 1.2345, 'test    ', '154', '1', '3', '2', 57, 1643308200, '1', '2022-01-21 11:17:51', NULL, NULL),
(5, 4, 'Pochette ', 'Saint Laurent', 800, '  ', 'WERDJ#$%', '3', '2', '1', 0, 0, '1', '2022-01-21 12:27:34', NULL, NULL);

-- --------------------------------------------------------

--
-- Table structure for table `tbl_settings`
--

CREATE TABLE `tbl_settings` (
  `id` int(5) UNSIGNED NOT NULL,
  `type` varchar(255) NOT NULL,
  `value` longtext NOT NULL,
  `created_at` datetime DEFAULT current_timestamp(),
  `updated_at` datetime DEFAULT NULL
) ENGINE=InnoDB DEFAULT CHARSET=utf8;

-- --------------------------------------------------------

--
-- Table structure for table `tbl_stocks`
--

CREATE TABLE `tbl_stocks` (
  `id` int(5) UNSIGNED NOT NULL,
  `user_id` int(11) NOT NULL,
  `product_id` int(11) NOT NULL,
  `membership_id` int(11) NOT NULL,
  `category_id` int(11) NOT NULL,
  `retail_value` float NOT NULL,
  `rental_income_for_partner` float NOT NULL,
  `expiry_date` int(11) NOT NULL,
  `currently_rented` int(11) NOT NULL,
  `rental_income_for_admin` float NOT NULL,
  `rented_items` int(11) NOT NULL,
  `number_of_rotations` int(11) NOT NULL,
  `item_rented_by_males` int(11) DEFAULT NULL,
  `item_rented_by_females` int(11) DEFAULT NULL,
  `item_rented_by_others` int(11) DEFAULT NULL,
  `commission_paid` varchar(100) NOT NULL,
  `gross_margin` varchar(100) DEFAULT NULL,
  `rented_on` int(11) NOT NULL,
  `created_at` datetime DEFAULT current_timestamp(),
  `updated_at` datetime DEFAULT NULL,
  `deleted_at` datetime DEFAULT NULL,
  `membership_amount` float DEFAULT NULL
) ENGINE=InnoDB DEFAULT CHARSET=utf8;

--
-- Dumping data for table `tbl_stocks`
--

INSERT INTO `tbl_stocks` (`id`, `user_id`, `product_id`, `membership_id`, `category_id`, `retail_value`, `rental_income_for_partner`, `expiry_date`, `currently_rented`, `rental_income_for_admin`, `rented_items`, `number_of_rotations`, `item_rented_by_males`, `item_rented_by_females`, `item_rented_by_others`, `commission_paid`, `gross_margin`, `rented_on`, `created_at`, `updated_at`, `deleted_at`, `membership_amount`) VALUES
(1, 2, 3, 3, 2, 2050, 1025, 0, 1, 1025, 15, 3, NULL, NULL, NULL, '50', NULL, 1642444200, '2022-01-17 22:42:03', '2022-01-17 22:54:55', NULL, NULL),
(2, 2, 3, 3, 2, 3500, 1750, 0, 1, 1750, 20, 5, NULL, NULL, NULL, '50', NULL, 1642530600, '2022-01-17 22:44:36', '2022-01-17 22:44:36', NULL, NULL),
(3, 4, 2, 2, 2, 1000, 300, 0, 1, 700, 100, 120, NULL, NULL, NULL, '30', NULL, 1645122600, '2022-01-18 14:33:52', '2022-01-18 14:33:52', NULL, NULL),
(4, 4, 2, 1, 2, 5200, 2080, 0, 1, 3120, 120, 12, NULL, NULL, NULL, '40', NULL, 1645468200, '2022-01-18 14:39:16', '2022-01-18 14:39:16', NULL, NULL),
(5, 4, 2, 3, 2, 7800, 3900, 0, 1, 3900, 100, 25, NULL, NULL, NULL, '50', NULL, 1646764200, '2022-01-18 14:40:35', '2022-01-18 14:40:35', NULL, NULL),
(6, 4, 2, 2, 2, 3200, 960, 0, 1, 2240, 820, 620, NULL, NULL, NULL, '30', NULL, 1641839400, '2022-01-18 14:41:58', '2022-01-18 14:41:58', NULL, NULL),
(7, 4, 2, 1, 2, 6874, 914.242, 0, 1, 5959.76, 987, 625, NULL, NULL, NULL, '13.3', NULL, 1649788200, '2022-01-18 14:43:10', '2022-01-18 14:43:10', NULL, NULL),
(8, 4, 2, 1, 2, 8741, 2360.07, 0, 1, 6380.93, 740, 520, NULL, NULL, NULL, '27', NULL, 1652207400, '2022-01-18 14:44:19', '2022-01-18 14:44:19', NULL, NULL),
(9, 5, 1, 1, 5, 1312, 157.44, 0, 1, 1154.56, 100, 12, NULL, NULL, NULL, '12', NULL, 1654799400, '2022-01-18 14:45:25', '2022-01-18 14:45:25', NULL, NULL),
(10, 5, 1, 2, 5, 16200, 4860, 0, 1, 11340, 750, 630, NULL, NULL, NULL, '30', NULL, 1658946600, '2022-01-18 14:46:29', '2022-01-18 14:46:29', NULL, NULL),
(11, 4, 2, 3, 2, 6200, 3100, 0, 1, 3100, 800, 350, NULL, NULL, NULL, '50', NULL, 1660501800, '2022-01-18 14:47:04', '2022-01-18 14:47:04', NULL, NULL),
(12, 4, 2, 2, 2, 1200, 360, 0, 1, 840, 100, 200, NULL, NULL, NULL, '30', NULL, 1633113000, '2022-01-19 15:38:45', '2022-01-19 15:38:45', NULL, NULL),
(13, 4, 2, 2, 2, 2500, 750, 0, 1, 1750, 100, 100, NULL, NULL, NULL, '30', NULL, 1634668200, '2022-01-19 15:39:21', '2022-01-19 15:39:21', NULL, NULL),
(14, 4, 2, 2, 2, 3200, 960, 0, 1, 2240, 100, 20, NULL, NULL, NULL, '30', NULL, 1636482600, '2022-01-19 15:39:55', '2022-01-19 15:39:55', NULL, NULL),
(15, 4, 2, 3, 2, 2500, 1250, 0, 1, 1250, 200, 100, NULL, NULL, NULL, '50', NULL, 1640370600, '2022-01-19 15:40:39', '2022-01-19 15:40:39', NULL, NULL),
(16, 4, 4, 2, 1, 3000, 1500, 1643308200, 1, 1500, 0, 0, NULL, NULL, NULL, '50', NULL, 1633026600, '2022-01-21 17:05:05', '2022-01-21 17:43:06', NULL, NULL),
(17, 1, 2, 1, 1, 100, 23, 1643049000, 0, 23, 0, 0, NULL, NULL, NULL, '12', NULL, 1609525800, '2022-01-24 11:16:14', '2022-01-24 11:16:14', NULL, NULL),
(18, 2, 3, 2, 2, 789, 23, 1614709800, 1, 89, 0, 0, NULL, NULL, NULL, 'test', NULL, 1646245800, '2022-01-24 11:16:14', '2022-01-24 11:16:14', NULL, NULL),
(19, 3, 6, 3, 2, 200, 18, 1612290600, 1, 560, 0, 0, NULL, NULL, NULL, 'test', NULL, 2147483647, '2022-01-24 11:16:14', '2022-01-24 11:16:14', NULL, NULL),
(20, 4, 4, 3, 1, 1.2345, 75, 1643394600, 1, 75, 0, 0, NULL, NULL, NULL, '50', NULL, 1642012200, '2022-01-25 17:18:44', '2022-01-25 17:30:58', NULL, 150),
(21, 2, 3, 3, 2, 0, 75, 1643394600, 1, 75, 0, 0, NULL, NULL, NULL, '50', NULL, 1641407400, '2022-01-25 17:31:39', '2022-01-25 17:31:55', NULL, 150);

-- --------------------------------------------------------

--
-- Table structure for table `tbl_users`
--

CREATE TABLE `tbl_users` (
  `id` int(5) UNSIGNED NOT NULL,
  `country_id` int(5) NOT NULL,
  `name` varchar(100) NOT NULL,
  `email` varchar(100) NOT NULL,
  `password` varchar(100) DEFAULT NULL,
  `phone` varchar(100) NOT NULL,
  `description` longtext DEFAULT NULL,
  `status` enum('1','0') NOT NULL DEFAULT '1',
  `media_id` int(11) NOT NULL,
  `company_name` varchar(255) NOT NULL,
  `company_address` varchar(255) NOT NULL,
  `iban` varchar(255) NOT NULL,
  `chamber_of_commerce` varchar(255) NOT NULL,
  `vat` varchar(255) NOT NULL,
  `created_at` datetime DEFAULT current_timestamp(),
  `updated_at` datetime DEFAULT NULL,
  `deleted_at` datetime DEFAULT NULL
) ENGINE=InnoDB DEFAULT CHARSET=utf8;

--
-- Dumping data for table `tbl_users`
--

INSERT INTO `tbl_users` (`id`, `country_id`, `name`, `email`, `password`, `phone`, `description`, `status`, `media_id`, `company_name`, `company_address`, `iban`, `chamber_of_commerce`, `vat`, `created_at`, `updated_at`, `deleted_at`) VALUES
(1, 101, 'Gente Roma', 'queen.nexus@gmail.com', 'e10adc3949ba59abbe56e057f20f883e', '9123131970', 'Arab Queen will lead in every side of Arab.', '1', 3, 'OWNg', 'Phase 8 ', '987654', '33', 'fff', '2022-01-12 17:30:22', '2022-01-23 23:15:26', NULL),
(2, 3, 'Tessabit', 'test1@gmail.com', 'e10adc3949ba59abbe56e057f20f883e', '989989889', 'h', '1', 5, 'Mohali enterprise', 'mohali', '21212', 'dddd', 'ddd', '2022-01-13 14:33:34', '2022-01-23 23:15:38', NULL),
(3, 2, 'Graffiti', 'wed@gmail.com', 'e10adc3949ba59abbe56e057f20f883e', '4554545', '34qr', '1', 7, 'dfcsd', 'sdf', '2332332323', 'ddd', 'dd', '2022-01-13 15:34:01', '2022-01-23 23:15:59', NULL),
(4, 101, 'Cacciapuoti', 'user12@gmail.com', 'e10adc3949ba59abbe56e057f20f883e', '9123131970', 'Tested user aishwaryakumar.nexus@gmail.com', '1', 56, 'Aish', 'Mohali, Punjab, India', '442568971234568', 'ddd', 'dd', '2022-01-14 13:24:10', '2022-01-23 23:16:38', NULL),
(5, 4, 'Rinascente', 'test@gmail.com', 'e10adc3949ba59abbe56e057f20f883e', '32131213', '', '1', 46, 'wed', 'wed', '212332', '233232', '232332', '2022-01-17 13:11:12', '2022-01-23 23:17:00', NULL),
(6, 5, 'Antonioli', 'ewqd@gmail.com', 'e10adc3949ba59abbe56e057f20f883e', '123223', 'q3ed', '1', 47, 'sdefas', 'asdf', '09', '11', '789', '2022-01-17 13:12:03', '2022-01-23 23:17:36', NULL);

--
-- Indexes for dumped tables
--

--
-- Indexes for table `migrations`
--
ALTER TABLE `migrations`
  ADD PRIMARY KEY (`id`);

--
-- Indexes for table `tbl_admin`
--
ALTER TABLE `tbl_admin`
  ADD PRIMARY KEY (`id`);

--
-- Indexes for table `tbl_categories`
--
ALTER TABLE `tbl_categories`
  ADD PRIMARY KEY (`id`);

--
-- Indexes for table `tbl_countries`
--
ALTER TABLE `tbl_countries`
  ADD PRIMARY KEY (`id`);

--
-- Indexes for table `tbl_deleted_data`
--
ALTER TABLE `tbl_deleted_data`
  ADD PRIMARY KEY (`id`);

--
-- Indexes for table `tbl_documents`
--
ALTER TABLE `tbl_documents`
  ADD PRIMARY KEY (`id`);

--
-- Indexes for table `tbl_media`
--
ALTER TABLE `tbl_media`
  ADD PRIMARY KEY (`id`);

--
-- Indexes for table `tbl_memberships`
--
ALTER TABLE `tbl_memberships`
  ADD PRIMARY KEY (`id`);

--
-- Indexes for table `tbl_products`
--
ALTER TABLE `tbl_products`
  ADD PRIMARY KEY (`id`);

--
-- Indexes for table `tbl_settings`
--
ALTER TABLE `tbl_settings`
  ADD PRIMARY KEY (`id`);

--
-- Indexes for table `tbl_stocks`
--
ALTER TABLE `tbl_stocks`
  ADD PRIMARY KEY (`id`);

--
-- Indexes for table `tbl_users`
--
ALTER TABLE `tbl_users`
  ADD PRIMARY KEY (`id`);

--
-- AUTO_INCREMENT for dumped tables
--

--
-- AUTO_INCREMENT for table `migrations`
--
ALTER TABLE `migrations`
  MODIFY `id` bigint(20) UNSIGNED NOT NULL AUTO_INCREMENT, AUTO_INCREMENT=30;

--
-- AUTO_INCREMENT for table `tbl_admin`
--
ALTER TABLE `tbl_admin`
  MODIFY `id` int(5) UNSIGNED NOT NULL AUTO_INCREMENT, AUTO_INCREMENT=2;

--
-- AUTO_INCREMENT for table `tbl_categories`
--
ALTER TABLE `tbl_categories`
  MODIFY `id` int(5) UNSIGNED NOT NULL AUTO_INCREMENT, AUTO_INCREMENT=8;

--
-- AUTO_INCREMENT for table `tbl_countries`
--
ALTER TABLE `tbl_countries`
  MODIFY `id` int(5) UNSIGNED NOT NULL AUTO_INCREMENT, AUTO_INCREMENT=247;

--
-- AUTO_INCREMENT for table `tbl_deleted_data`
--
ALTER TABLE `tbl_deleted_data`
  MODIFY `id` int(11) UNSIGNED NOT NULL AUTO_INCREMENT, AUTO_INCREMENT=5;

--
-- AUTO_INCREMENT for table `tbl_documents`
--
ALTER TABLE `tbl_documents`
  MODIFY `id` int(5) UNSIGNED NOT NULL AUTO_INCREMENT, AUTO_INCREMENT=14;

--
-- AUTO_INCREMENT for table `tbl_media`
--
ALTER TABLE `tbl_media`
  MODIFY `id` int(5) UNSIGNED NOT NULL AUTO_INCREMENT, AUTO_INCREMENT=58;

--
-- AUTO_INCREMENT for table `tbl_memberships`
--
ALTER TABLE `tbl_memberships`
  MODIFY `id` int(5) UNSIGNED NOT NULL AUTO_INCREMENT, AUTO_INCREMENT=4;

--
-- AUTO_INCREMENT for table `tbl_products`
--
ALTER TABLE `tbl_products`
  MODIFY `id` int(5) UNSIGNED NOT NULL AUTO_INCREMENT, AUTO_INCREMENT=6;

--
-- AUTO_INCREMENT for table `tbl_settings`
--
ALTER TABLE `tbl_settings`
  MODIFY `id` int(5) UNSIGNED NOT NULL AUTO_INCREMENT;

--
-- AUTO_INCREMENT for table `tbl_stocks`
--
ALTER TABLE `tbl_stocks`
  MODIFY `id` int(5) UNSIGNED NOT NULL AUTO_INCREMENT, AUTO_INCREMENT=22;

--
-- AUTO_INCREMENT for table `tbl_users`
--
ALTER TABLE `tbl_users`
  MODIFY `id` int(5) UNSIGNED NOT NULL AUTO_INCREMENT, AUTO_INCREMENT=7;
COMMIT;

/*!40101 SET CHARACTER_SET_CLIENT=@OLD_CHARACTER_SET_CLIENT */;
/*!40101 SET CHARACTER_SET_RESULTS=@OLD_CHARACTER_SET_RESULTS */;
/*!40101 SET COLLATION_CONNECTION=@OLD_COLLATION_CONNECTION */;
